الكلمة المفتاحية,حجم البحث الشهري (مصر)
soundcore,11000
soundcore r50i,9000
anker,8900
soundcore r50i nc,5300
anker r50i,4900
anker r50i nc,3700
انكر,2800
soundcore liberty 4 nc,2600
anker egypt,2500
anker power bank,2400
anker soundcore,2400
شاحن انكر,2300
باور بانك انكر,2100
anker soundcore r50i,2000
soundcore k20i,2000
soundcore liberty 4 pro,2000
انكر r50i,1900
شاحن انكر ٢٠ وات,1600
soundcore p30i,1500
soundcore p40i,1500
anker soundcore r50i nc,1300
ايربودز انكر,1300
anker liberty 4 nc,1200
anker soundcore liberty 4 nc,1200
باور بانك انكر 20000,1200
سماعات انكر,1200
سماعة انكر,1200
سماعة انكر r50i,1200
انكر r50i nc,1100
ايربودز انكر r50i,1100
باور بانك انكر 10000,1100
anker liberty 4 pro,1000
soundcore space one,1000
anker charger,900
anker k20i,900
soundcore liberty 5,900
soundcore q11i,900
سماعه انكر,900
anker airpods,800
anker r50i nc سعر,800
soundcore p20i,800
soundcore r50i vi,800
power bank anker,700
soundcore a30i,700
soundcore headphones,700
soundcore q20i,700
سماعة انكر r50i nc,700
شاحن انكر ايفون,700
anker headphones,600
anker p30i,600
anker p40i,600
anker soundcore liberty 4 pro,600
soundcore v20i,600
راس شاحن انكر,600
سعر سماعة soundcore r50i,600
anker earbuds,500
anker pencil,500
r50i anker,500
soundcore egypt,500
سعر باور بانك انكر 20000,500
شاحن انكر 25 واط,500
anker a30i,450
anker p20i,450
anker soundcore k20i,450
anker zolo power bank,450
soundcore airpods,450
soundcore liberty 4,450
سماعة soundcore,450
anker zolo,400
k20i soundcore,400
soundcore earbuds,400
soundcore life p2i,400
soundcore q30,400
soundcore r50i nc سعر,400
soundcore space one pro,400
ايربودز انكر r50i nc,400
سعر سماعة انكر r50i,400
سعر شاحن انكر ٢٠ وات,400
سماعه انكر 50i,400
شاحن انكر 30 واط,400
anker liberty 5,350
anker power bank 20000mah,350
anker r50i vi,350
anker verify,350
p40i soundcore,350
soundcore c40i,350
soundcore select 4 go,350
انكر k20i,350
شاحن type c,350
شاحن انكر 45 واط,350
فروع active,350
موقع انكر,350
airpods anker,300
anker 20w,300
anker car charger,300
anker charger iphone,300
anker iphone charger,300
anker power bank 10000mah,300
anker soundcore liberty 5,300
anker soundcore p30i,300
anker soundcore p40i,300
soundcore aerofit 2,300
soundcore c30i,300
soundcore liberty buds,300
soundcore p25i,300
soundcore p41i,300
soundcore q45,300
soundcore speaker,300
اير بودز انكر,300
ايربودز ساوند كور,300
باور بنك انكر,300
سعر انكر r50i nc,300
سماعة انكر soundcore,300
anker 45w charger,250
anker cable,250
anker p2i,250
anker powerbank,250
anker soundcore q11i,250
anker soundcore r50i vi,250
anker soundcore space one,250
anker v20i,250
car charger anker,250
soundcore app for pc,250
soundcore h30i,250
soundcore liberty 5 pro,250
soundcore life u2i,250
انكر ساوند كور,250
انكر ساوند كور r50i,250
انكر مصر,250
توكيل انكر,250
سعر ايربودز انكر r50i,250
سعر باور بانك انكر,250
سعر باور بانك انكر 10000,250
سعر سماعة soundcore,250
سماعة soundcore r50i,250
سماعه انكر r50inc,250
airpods anker r50i,200
airpods soundcore,200
anker 26800,200
anker airpods r50i,200
anker cable type c,200
anker games,200
anker headphone,200
anker liberty 4,200
anker lightening,200
anker lightning,200
anker micro usb cable,200
anker p25i,200
anker power bank 26800,200
anker power port,200
anker power station,200
anker powercore ii,200
anker powercore ii 20000,200
anker powercore speed 20000 pd,200
anker q20i,200
anker r50i سعر,200
anker soundcore life q20,200
anker soundcore p20i,200
anker soundcore r50i true wireless earbuds,200
anker space one,200
anker type c cable,200
anker usb type c,200
anker zolo 30w,200
iphone charger anker,200
p30i soundcore,200
power bank anker 20000,200
powerbank anker,200
r50i nc anker,200
r50i soundcore,200
soundcore a20i,200
soundcore liberty 3 pro,200
soundcore liberty air 2 pro,200
soundcore life p3,200
soundcore p2i,200
soundcore r100,200
soundcore r50i مواصفات,200
soundcore rave 3,200
أنكر,200
انكر p30i,200
انكر p40i,200
انكر ايربودز,200
انكر باور بانك,200
انكر ليبرتي 4 برو,200
ايربودز soundcore,200
ايربودز soundcore r50i,200
سعر soundcore r50i,200
سعر ايربودز انكر,200
سعر سماعه انكر,200
سعر شاحن انكر,200
سماعات soundcore,200
سماعات انكر r50i,200
سماعات انكر ساوند كور بلوتوث,200
سماعة انكر k20i,200
سماعة بلوتوث انكر,200
سماعه انكر 50i nc,200
شاحن انكر الاصلي,200
شاحن ايفون انكر,200
موقع انكر مصر,200
وصلة انكر ايفون,200
وصله انكر,200
