article_cluster,keywords_count,total_volume,sample_keywords
model::samsung A,110,135080,سعر سامسونج a12 في مصر | سعر سامسونج a21s في مصر | سعر سامسونج a24 في مصر
model::iphone 15 برو ماكس,29,81510,سعر ايفون 15 برو max | سعر ايفون 15 برو max في مصر | سعر ايفون ١٥ برو ماكس في مصر
model::iphone 13 برو ماكس,20,73820,سعر ايفون 13 برو max في مصر | سعر ايفون ١٣ برو ماكس | سعر ايفون 13 برو max في مصر 256
model::iphone 16 برو ماكس,22,62710,سعر ايفون ١٦ برو ماكس | سعر ايفون 16 برو max | سعر ايفون 16 برو ماكس
model::samsung عام,176,58100,افضل هاتف سامسونج فئة a | سامسونج جالكسي اس 23 الترا | اسعار الموبايلات السامسونج في مصر
model::iphone 17 برو ماكس,15,54990,سعر ايفون 17 برو ماكس | سعر ايفون ١٧ برو ماكس | سعر آيفون 17 برو max بالمصري
model::iphone 14 برو ماكس,27,50200,سعر ايفون 14 برو max | سعر ايفون 14 برو max بالمصري | سعر ايفون 14 برو max في الإمارات
model::oppo,29,36490,سعر موبايل اوبو رينو 6 | سعر تليفون اوبو رينو 6 | سعر موبايل اوبو رينو 5
model::iphone 12 برو ماكس,13,34130,سعر ايفون 12 برو max | سعر ايفون 12 برو ماكس | سعر ايفون ١٢ برو ماكس
model::iphone 11 برو ماكس,29,26070,سعر ايفون 11 برو ماكس | سعر ايفون 11 برو max في مصر | سعر ايفون ١١ برو ماكس
model::iphone عام,79,23900,اسعار الايفون في مصر 2021 | support.apple.come/iphone/passcode | الإبلاغ عن أعطال التليفون الأرضي من النت
model::xiaomi,22,23130,سعر تليفون ريدمي نوت 10 | سعر موبايل شاومي 128 جيجا | سعر موبايل ريدمي نوت 10
data_transfer,63,21260,how to transfer contacts to new phone | نقل الواتس من اندرويد الى ايفون | نقل الواتساب من اندرويد الى ايفون
model::samsung s24 ultra,7,15490,سعر سامسونج s24 ultra في مصر | سعر موبايل سامسونج s24 ultra | samsung galaxy s24 ultra pre order
model::samsung Note,31,15310,سعر سامسونج نوت 20 الترا | سعر سامسونج نوت 10 بلس | سعر سامسونج نوت 20 الترا في مصر
model::iphone 11,17,13250,سعر ايفون 11 في مصر | سعر ايفون 11 في مصر 2020 | سعر ايفون 11 في مصر 2021
model::iphone 13,9,12910,apple iphone 13 release date | سعر ايفون 13 في السعودية | سعر ايفون 13 في مصر
model::samsung M,15,11690,سعر سامسونج m11 في مصر | سعر سامسونج m51 في مصر | سعر سامسونج m31 في مصر
charging_problem,5,10800,how to fix phone not charging | التابلت سامسونج لا يشحن ولا يفتح | حل مشكلة هاتف سامسونج لا يشتغل ولا يقبل الشحن
model::samsung s23 ultra,4,8260,سعر سامسونج s23 ultra في مصر | سعر سامسونج s23 ultra في السعودية | سعر موبايل سامسونج s23 ultra
model::samsung s25 ultra,8,8060,سعر سامسونج s25 ultra في مصر | samsung s25 ultra price in egypt | سعر موبايل سامسونج s25 ultra
model::samsung S عام,8,7920,سعر سامسونج s25 الترا في مصر | سعر سامسونج s24 الترا بالدولار | سعر سامسونج s25 الترا بالدولار
model::realme,8,7730,اسعار موبايل ريلمي 64 جيجا | سعر تليفون ريلمي سي 53 | سعر موبايل ريلمي 12 برو
used::iphone x max,1,6600,سعر ايفون x max مستعمل
model::iphone 8 بلس,8,6410,سعر ايفون 8 بلس في مصر 2021 | سعر ايفون 8 بلس 256 | سعر ايفون 8 بلس 2021
model::iphone 11 برو,10,6030,سعر ايفون 11 برو في مصر 2021 | سعر ايفون 11 برو في مصر 2020 | سعر ايفون 11 برو 256 جيجا
model::iphone 12,9,5760,سعر ايفون 11 في مصر 128 جيجا | سعر ايفون 12 في مصر 128 جيجا | سعر ايفون 12 في مصر
cables_usb,28,5500,تشغيل الموبايل على الشاشة بكابل usb | معرض السويدى للأدوات و الكابلات الكهربائيه | كيفية تشغيل otg على الموبايل
model::iphone 14,7,5130,apple iphone 14 release date | سعر ايفون 14 في مصر | سعر ايفون ١٤ في مصر
model::iphone xs,10,4950,سعر ايفون xs max في مصر 2021 | سعر ايفون xs max في مصر | سعر ايفون xs max 256 في مصر
model::iphone 12 برو,6,4680,سعر ايفون ١٢ برو في مصر | سعر ايفون 12 برو في مصر | سعر ايفون 12 برو في مصر 2021
model::samsung s22 ultra,3,3970,سعر سامسونج s22 ultra في مصر | سعر سامسونج s22 ultra في السعودية | samsung s22 ultra price egypt
model::iphone 12 بلس,5,3430,سعر ايفون 7 بلس 128 جيجا | سعر ايفون 6 بلس 128 جيجا | سعر ايفون 8 بلس 128 جيجا في مصر اليوم
model::samsung Z,7,2560,samsung galaxy z fold 6 | سعر سامسونج z flip 3 | samsung galaxy z flip 3
model::iphone x,4,2410,سعر ايفون اكس اس ماكس | ايفون اكس اس ماكس 256 | كم سعر ايفون اكس ار
model::iphone 13 برو,1,2400,سعر ايفون 13 برو في مصر
earbuds_audio,12,2200,كيفية اقتران سماعة البلوتوث بالجوال سامسونج | سعر سماعات akg سامسونج الاصلية | how to connect airpods to iphone
model::samsung s21,3,2180,سعر سامسونج s21 ultra في مصر | سعر سامسونج s21 في مصر | samsung galaxy s21 fe 5g
model::iphone 7,4,1920,سعر تابلت سامسونج a7 بتاع المدارس | سعر تابلت سامسونج a7 في مصر | سعر ايفون 7 في مصر
used::iphone 12 برو ماكس,1,1900,سعر ايفون 12 برو max مستعمل
used::iphone 8 بلس,3,1610,سعر ايفون 8 بلس مستعمل | سعر ايفون 8 بلس مستعمل في مصر 2021 | سعر ايفون ٨ بلس مستعمل
model::iphone xr,5,1580,سعر ايفون xr في مصر 2021 | iphone xr price in egypt | سعر ايفون xr في مصر
model::iphone 16,3,1300,apple iphone 16 release date | سعر ايفون 16 في مصر | سعر تابلت لينوفو 16 جيجا
model::iphone 7 بلس,6,1270,سعر أيفون 7 بلس 256 جيجا | كم سعر ايفون 7 بلس | سعر ايفون 7 بلس اليوم
watch,6,1150,apple watch price in egypt | apple watch 7 release date | apple watch price in dubai
model::iphone 15,4,1120,سعر ايفون 15 في السعودية | موعد مؤتمر آبل 2023 آيفون 15 | apple iphone 15 release date
model::iphone xs max,3,1050,سعر ايفون اكس ماكس في مصر | سعر تليفون ايفون اكس ماكس | سعر ايفون اكس ماكس في السعوديه
used::iphone 13 برو ماكس,1,880,ايفون 13 برو max مستعمل
used::iphone عام,5,750,اسعار ايفون المستعمل في مصر | ايفون مستعمل للبيع في الامارات | افضل مكان لشراء ايفون مستعمل
used::iphone 12 بلس,2,730,سعر ايفون 7 بلس 128 جيجا مستعمل | سعر ايفون 6 بلس 128 جيجا مستعمل
model::iphone 14 بلس,1,720,apple ابل ايفون 14 بلس
model::iphone 6,2,640,سعر ومواصفات تابلت سامسونج a6 | falcon supernova iphone 6 pink diamond
model::iphone 14 برو,1,590,iphone 14 pro price egypt
model::iphone 17 برو,1,590,iphone 17 pro price in egypt
used::iphone 7 بلس,2,460,سعر ايفون 7 بلس مستعمل | سعر ايفون ٧ بلس مستعمل
model::iphone 8,2,460,سعر ايفون 8 في مصر 2021 | سعر ايفون 8 في مصر
used::iphone 6,2,400,سعر ايفون x 256 مستعمل | سعر ايفون 6 مستعمل 64 جيجا
model::iphone 8 برو ماكس,1,390,apple iphone 18 pro max
used::samsung Note,2,320,سعر سامسونج نوت 8 مستعمل | سعر سامسونج نوت 5 مستعمل
model::samsung s10,2,300,سعر سامسونج s10 بلس في مصر اليوم | سعر سامسونج s10 في مصر اليوم
model::infinix,2,280,اسعار موبايل infinix hot 6 | سعر موبايل infinix zero في مصر
screen_mirror,3,270,iphone screen mirror with samsung tv | screen mirror iphone to samsung tv | screen mirroring iphone to samsung tv
model::iphone 8 برو,1,260,apple's iphone 18 pro to feature new ltpo+ oled panels
compare::samsung عام,2,260,مقارنة بين شاشات سامسونج وال جي سمارت 4k | الفرق بين موديلات شاشات سامسونج
used::samsung عام,2,250,سعر شاشات سامسونج 32 مستعملة | سعر سامسونج s7 edge مستعمل
powerbank_charger,2,230,سعر باور بانك سامسونج 10000 | سعر باور بانك سامسونج 20000 امبير
model::iphone 16 بلس,1,210,سعر ايفون 16 بلس في مصر
model::iphone 6 بلس,1,210,سعر ايفون 6 اس بلس 64 جيجا
used::iphone 6 بلس,1,210,سعر ايفون 6 بلس مستعمل
model::iphone x برو ماكس,1,210,سعر ايفون 7 برو ماكس
used::iphone xs,1,210,سعر ايفون xs max في مصر مستعمل
compare::iphone 11 برو,1,170,الفرق بين ايفون ١١ وايفون ١١برو
model::iphone x max,1,110,سعر ايفون x max في مصر
model::samsung s20 ultra,1,110,samsung s20 ultra price in egypt
compare::iphone xs,1,90,الفرق بين ايفون x و xs
used::samsung A,1,90,سعر سامسونج a7 2018 مستعمل
compare::iphone x برو ماكس,1,70,الفرق بين ايفون برو وبرو ماكس
used::iphone 12,1,70,سعر ايفون 7 128 جيجا مستعمل
used::iphone 8,1,70,سعر ايفون 8 مستعمل في مصر
